type,valeur
texte,"École Nationale des Sciences Appliquées d’OujdaMessagerie @UMPMédiasBibliothèqueE-ressourcesToggle main menu visibilityENSAOMot du DirecteurCorps ProfessoralPrésentationDépartementsEITMMALCServicesDirectionDirection AdjointeSecrétariat géneralRessources humainesAffaires économiquesAffaires estudiantinesCoopération et communicationService informatiqueBibliothèqueLabosDépartementPatrimoineFormationsFiliéres de FormationCycle Préparatoire - Sciences et Techniques pour l'ingénieurCycle Ingénieur - Ingénierie Data Sciences et Cloud ComputingCycle Ingénieur - Ingénierie des Technologies de l'information et Réseaux de CommunicationCycle Ingénieur - Sécurité Informatique et Cyber SécuritéCycle Ingénieur - Génie CivilCycle Ingénieur - Génie ElectriqueCycle Ingénieur - Génie IndustrielCycle Ingénieur - Génie InformatiqueCycle Ingénieur - Génie des Systèmes Electronique, Informatique et RéseauxCycle Ingénieur - Management et Gouvernance des Systèmes d'informationsFormation continueRecherchePôles RechercheCentres d’études doctoralesLaboratoires et équipes de rechercheCentres d’études de rechercheCoopérationCoopération nationaleGouvernanceConseil d'établissementOutils de GestionAPOGEEVTAdministrationAppels d'offresTextes & LoisVie EstudiantineCentre d'Information, d'Orientation et de la Vie Estudiantine (CIOVE)Assurance Maladie ObligatoireScolaritéStageAssociation BDEProductionsRevuesFrArEnEsAmzPlanning des Devoirs Surveillés, Mi - Semestre 2 2024 - 2025Avis de recrutementStage PFEAvis aux étudiantsCycle de ConférencesPreviousNextLire la suiteActualitésPlanning des Devoirs Surve...Avis de recrutementStage PFEPlus d'infosNotesCalendrier de vacances un...Calendriers Académiques 2...Calendriers Académiques 2024 - 2025



                    &nbsp...AVIS AUX ETUDIANTS  Objet...Avis AUX ETUDIANTS 

 

 

Afin de bénéficier des avantages de la couverture médicale obliga...PreviousNextPlus de notesFormationsCycle Préparatoire - Sciences et Techniques pour l'ingénieurCycle Ingénieur - Ingénierie Data Sciences et Cloud ComputingCycle Ingénieur - Ingénierie des Technologies de l'information et Réseaux de CommunicationCycle Ingénieur - Sécurité Informatique et Cyber SécuritéCycle Ingénieur - Génie CivilCycle Ingénieur - Génie ElectriqueCycle Ingénieur - Génie IndustrielCycle Ingénieur - Génie InformatiqueCycle Ingénieur - Génie des Systèmes Electronique, Informatique et RéseauxCycle Ingénieur - Management et Gouvernance des Systèmes d'informationsPlus de formationsEvénementsPassé18AVLLA 1 ÈRE CONFÉRENCE INTERNATIONALE SUR LA MÉDECINE INTELLIGENTE, L'IOT...Passé13AVLICEERE’20  2nd International Conference on Electronic Engineering and...ICEERE’20

 

2nd International Conference on Electronic Engineering and Renewable Energy 

Springer  & Elsevier Conf...Passé4OCTورشة عمل حول الابتكار التعاوني بين الجامعات و شركات التكنولوجيا لتطوير...تنظم جامعة محمد الأول يوم الجمعة 04 أكتوبر 2019 بقاعة المحاضرات بالمدرسة الوطنية للعلوم التطبيقية بوجدة على الساعة التاسعة صباحا ورشة سيقام فيها عرض مشار...Passé26SEPConference on Smart Information & Communication TechnologiesCONFERENCE ON SMART INFORMATION & COMMUNICATION TECHNOLOGIES 2019, SmartICT'19

September 26-28, 2019 

Be Live Collection Hotel, Saïdia...Passé12JUNCOLLOQUE INTERNATIONAL TELECOM’2019 & 11èmes JFMMAAppel à communications

COLLOQUE INTERNATIONAL TELECOM’2019 & 11èmes JFMMA
Hôtel Be Live Collection Saïdia
12 -14...Passé19DECFirst School on Game Theory and Applications for Big Data, Cloud Compu...L'ENSAO et l'ADRFNT organisent l'école : ""First School on Game Theory and Applications for Big Data, Cloud Computing and Cybern...Plus d'événementsProductionsDernier événementRevues et publicationsGallerie‹›×Tous droits réservésump.ma- © 2025"
texte,École Nationale des Sciences Appliquées d’Oujda
texte,École Nationale des Sciences Appliquées d’Oujda
texte,"Messagerie @UMPMédiasBibliothèqueE-ressourcesToggle main menu visibilityENSAOMot du DirecteurCorps ProfessoralPrésentationDépartementsEITMMALCServicesDirectionDirection AdjointeSecrétariat géneralRessources humainesAffaires économiquesAffaires estudiantinesCoopération et communicationService informatiqueBibliothèqueLabosDépartementPatrimoineFormationsFiliéres de FormationCycle Préparatoire - Sciences et Techniques pour l'ingénieurCycle Ingénieur - Ingénierie Data Sciences et Cloud ComputingCycle Ingénieur - Ingénierie des Technologies de l'information et Réseaux de CommunicationCycle Ingénieur - Sécurité Informatique et Cyber SécuritéCycle Ingénieur - Génie CivilCycle Ingénieur - Génie ElectriqueCycle Ingénieur - Génie IndustrielCycle Ingénieur - Génie InformatiqueCycle Ingénieur - Génie des Systèmes Electronique, Informatique et RéseauxCycle Ingénieur - Management et Gouvernance des Systèmes d'informationsFormation continueRecherchePôles RechercheCentres d’études doctoralesLaboratoires et équipes de rechercheCentres d’études de rechercheCoopérationCoopération nationaleGouvernanceConseil d'établissementOutils de GestionAPOGEEVTAdministrationAppels d'offresTextes & LoisVie EstudiantineCentre d'Information, d'Orientation et de la Vie Estudiantine (CIOVE)Assurance Maladie ObligatoireScolaritéStageAssociation BDEProductionsRevuesFrArEnEsAmzPlanning des Devoirs Surveillés, Mi - Semestre 2 2024 - 2025Avis de recrutementStage PFEAvis aux étudiantsCycle de ConférencesPreviousNextLire la suiteActualitésPlanning des Devoirs Surve...Avis de recrutementStage PFEPlus d'infosNotesCalendrier de vacances un...Calendriers Académiques 2...Calendriers Académiques 2024 - 2025



                    &nbsp...AVIS AUX ETUDIANTS  Objet...Avis AUX ETUDIANTS 

 

 

Afin de bénéficier des avantages de la couverture médicale obliga...PreviousNextPlus de notesFormationsCycle Préparatoire - Sciences et Techniques pour l'ingénieurCycle Ingénieur - Ingénierie Data Sciences et Cloud ComputingCycle Ingénieur - Ingénierie des Technologies de l'information et Réseaux de CommunicationCycle Ingénieur - Sécurité Informatique et Cyber SécuritéCycle Ingénieur - Génie CivilCycle Ingénieur - Génie ElectriqueCycle Ingénieur - Génie IndustrielCycle Ingénieur - Génie InformatiqueCycle Ingénieur - Génie des Systèmes Electronique, Informatique et RéseauxCycle Ingénieur - Management et Gouvernance des Systèmes d'informationsPlus de formationsEvénementsPassé18AVLLA 1 ÈRE CONFÉRENCE INTERNATIONALE SUR LA MÉDECINE INTELLIGENTE, L'IOT...Passé13AVLICEERE’20  2nd International Conference on Electronic Engineering and...ICEERE’20

 

2nd International Conference on Electronic Engineering and Renewable Energy 

Springer  & Elsevier Conf...Passé4OCTورشة عمل حول الابتكار التعاوني بين الجامعات و شركات التكنولوجيا لتطوير...تنظم جامعة محمد الأول يوم الجمعة 04 أكتوبر 2019 بقاعة المحاضرات بالمدرسة الوطنية للعلوم التطبيقية بوجدة على الساعة التاسعة صباحا ورشة سيقام فيها عرض مشار...Passé26SEPConference on Smart Information & Communication TechnologiesCONFERENCE ON SMART INFORMATION & COMMUNICATION TECHNOLOGIES 2019, SmartICT'19

September 26-28, 2019 

Be Live Collection Hotel, Saïdia...Passé12JUNCOLLOQUE INTERNATIONAL TELECOM’2019 & 11èmes JFMMAAppel à communications

COLLOQUE INTERNATIONAL TELECOM’2019 & 11èmes JFMMA
Hôtel Be Live Collection Saïdia
12 -14...Passé19DECFirst School on Game Theory and Applications for Big Data, Cloud Compu...L'ENSAO et l'ADRFNT organisent l'école : ""First School on Game Theory and Applications for Big Data, Cloud Computing and Cybern...Plus d'événementsProductionsDernier événementRevues et publicationsGallerie‹›×Tous droits réservésump.ma- © 2025"
texte,"Messagerie @UMPMédiasBibliothèqueE-ressourcesToggle main menu visibilityENSAOMot du DirecteurCorps ProfessoralPrésentationDépartementsEITMMALCServicesDirectionDirection AdjointeSecrétariat géneralRessources humainesAffaires économiquesAffaires estudiantinesCoopération et communicationService informatiqueBibliothèqueLabosDépartementPatrimoineFormationsFiliéres de FormationCycle Préparatoire - Sciences et Techniques pour l'ingénieurCycle Ingénieur - Ingénierie Data Sciences et Cloud ComputingCycle Ingénieur - Ingénierie des Technologies de l'information et Réseaux de CommunicationCycle Ingénieur - Sécurité Informatique et Cyber SécuritéCycle Ingénieur - Génie CivilCycle Ingénieur - Génie ElectriqueCycle Ingénieur - Génie IndustrielCycle Ingénieur - Génie InformatiqueCycle Ingénieur - Génie des Systèmes Electronique, Informatique et RéseauxCycle Ingénieur - Management et Gouvernance des Systèmes d'informationsFormation continueRecherchePôles RechercheCentres d’études doctoralesLaboratoires et équipes de rechercheCentres d’études de rechercheCoopérationCoopération nationaleGouvernanceConseil d'établissementOutils de GestionAPOGEEVTAdministrationAppels d'offresTextes & LoisVie EstudiantineCentre d'Information, d'Orientation et de la Vie Estudiantine (CIOVE)Assurance Maladie ObligatoireScolaritéStageAssociation BDEProductionsRevuesFrArEnEsAmz"
texte,Messagerie @UMPMédiasBibliothèqueE-ressources
texte,Messagerie @UMPMédiasBibliothèqueE-ressources
texte,Messagerie @UMPMédiasBibliothèqueE-ressources
texte,Messagerie @UMP
texte,Messagerie @UMP
texte,Médias
texte,Médias
texte,Bibliothèque
texte,Bibliothèque
texte,E-ressources
texte,E-ressources
texte,"Toggle main menu visibilityENSAOMot du DirecteurCorps ProfessoralPrésentationDépartementsEITMMALCServicesDirectionDirection AdjointeSecrétariat géneralRessources humainesAffaires économiquesAffaires estudiantinesCoopération et communicationService informatiqueBibliothèqueLabosDépartementPatrimoineFormationsFiliéres de FormationCycle Préparatoire - Sciences et Techniques pour l'ingénieurCycle Ingénieur - Ingénierie Data Sciences et Cloud ComputingCycle Ingénieur - Ingénierie des Technologies de l'information et Réseaux de CommunicationCycle Ingénieur - Sécurité Informatique et Cyber SécuritéCycle Ingénieur - Génie CivilCycle Ingénieur - Génie ElectriqueCycle Ingénieur - Génie IndustrielCycle Ingénieur - Génie InformatiqueCycle Ingénieur - Génie des Systèmes Electronique, Informatique et RéseauxCycle Ingénieur - Management et Gouvernance des Systèmes d'informationsFormation continueRecherchePôles RechercheCentres d’études doctoralesLaboratoires et équipes de rechercheCentres d’études de rechercheCoopérationCoopération nationaleGouvernanceConseil d'établissementOutils de GestionAPOGEEVTAdministrationAppels d'offresTextes & LoisVie EstudiantineCentre d'Information, d'Orientation et de la Vie Estudiantine (CIOVE)Assurance Maladie ObligatoireScolaritéStageAssociation BDEProductionsRevuesFrArEnEsAmz"
texte,"Toggle main menu visibilityENSAOMot du DirecteurCorps ProfessoralPrésentationDépartementsEITMMALCServicesDirectionDirection AdjointeSecrétariat géneralRessources humainesAffaires économiquesAffaires estudiantinesCoopération et communicationService informatiqueBibliothèqueLabosDépartementPatrimoineFormationsFiliéres de FormationCycle Préparatoire - Sciences et Techniques pour l'ingénieurCycle Ingénieur - Ingénierie Data Sciences et Cloud ComputingCycle Ingénieur - Ingénierie des Technologies de l'information et Réseaux de CommunicationCycle Ingénieur - Sécurité Informatique et Cyber SécuritéCycle Ingénieur - Génie CivilCycle Ingénieur - Génie ElectriqueCycle Ingénieur - Génie IndustrielCycle Ingénieur - Génie InformatiqueCycle Ingénieur - Génie des Systèmes Electronique, Informatique et RéseauxCycle Ingénieur - Management et Gouvernance des Systèmes d'informationsFormation continueRecherchePôles RechercheCentres d’études doctoralesLaboratoires et équipes de rechercheCentres d’études de rechercheCoopérationCoopération nationaleGouvernanceConseil d'établissementOutils de GestionAPOGEEVTAdministrationAppels d'offresTextes & LoisVie EstudiantineCentre d'Information, d'Orientation et de la Vie Estudiantine (CIOVE)Assurance Maladie ObligatoireScolaritéStageAssociation BDEProductionsRevuesFrArEnEsAmz"
texte,"Toggle main menu visibilityENSAOMot du DirecteurCorps ProfessoralPrésentationDépartementsEITMMALCServicesDirectionDirection AdjointeSecrétariat géneralRessources humainesAffaires économiquesAffaires estudiantinesCoopération et communicationService informatiqueBibliothèqueLabosDépartementPatrimoineFormationsFiliéres de FormationCycle Préparatoire - Sciences et Techniques pour l'ingénieurCycle Ingénieur - Ingénierie Data Sciences et Cloud ComputingCycle Ingénieur - Ingénierie des Technologies de l'information et Réseaux de CommunicationCycle Ingénieur - Sécurité Informatique et Cyber SécuritéCycle Ingénieur - Génie CivilCycle Ingénieur - Génie ElectriqueCycle Ingénieur - Génie IndustrielCycle Ingénieur - Génie InformatiqueCycle Ingénieur - Génie des Systèmes Electronique, Informatique et RéseauxCycle Ingénieur - Management et Gouvernance des Systèmes d'informationsFormation continueRecherchePôles RechercheCentres d’études doctoralesLaboratoires et équipes de rechercheCentres d’études de rechercheCoopérationCoopération nationaleGouvernanceConseil d'établissementOutils de GestionAPOGEEVTAdministrationAppels d'offresTextes & LoisVie EstudiantineCentre d'Information, d'Orientation et de la Vie Estudiantine (CIOVE)Assurance Maladie ObligatoireScolaritéStageAssociation BDEProductionsRevuesFrArEnEsAmz"
texte,Toggle main menu visibility
texte,"ENSAOMot du DirecteurCorps ProfessoralPrésentationDépartementsEITMMALCServicesDirectionDirection AdjointeSecrétariat géneralRessources humainesAffaires économiquesAffaires estudiantinesCoopération et communicationService informatiqueBibliothèqueLabosDépartementPatrimoineFormationsFiliéres de FormationCycle Préparatoire - Sciences et Techniques pour l'ingénieurCycle Ingénieur - Ingénierie Data Sciences et Cloud ComputingCycle Ingénieur - Ingénierie des Technologies de l'information et Réseaux de CommunicationCycle Ingénieur - Sécurité Informatique et Cyber SécuritéCycle Ingénieur - Génie CivilCycle Ingénieur - Génie ElectriqueCycle Ingénieur - Génie IndustrielCycle Ingénieur - Génie InformatiqueCycle Ingénieur - Génie des Systèmes Electronique, Informatique et RéseauxCycle Ingénieur - Management et Gouvernance des Systèmes d'informationsFormation continueRecherchePôles RechercheCentres d’études doctoralesLaboratoires et équipes de rechercheCentres d’études de rechercheCoopérationCoopération nationaleGouvernanceConseil d'établissementOutils de GestionAPOGEEVTAdministrationAppels d'offresTextes & LoisVie EstudiantineCentre d'Information, d'Orientation et de la Vie Estudiantine (CIOVE)Assurance Maladie ObligatoireScolaritéStageAssociation BDEProductionsRevuesFrArEnEsAmz"
texte,ENSAOMot du DirecteurCorps ProfessoralPrésentationDépartementsEITMMALCServicesDirectionDirection AdjointeSecrétariat géneralRessources humainesAffaires économiquesAffaires estudiantinesCoopération et communicationService informatiqueBibliothèqueLabosDépartementPatrimoine
texte,ENSAO
texte,Mot du DirecteurCorps ProfessoralPrésentationDépartementsEITMMALCServicesDirectionDirection AdjointeSecrétariat géneralRessources humainesAffaires économiquesAffaires estudiantinesCoopération et communicationService informatiqueBibliothèqueLabosDépartementPatrimoine
texte,Mot du Directeur
texte,Mot du Directeur
texte,Corps Professoral
texte,Corps Professoral
texte,Présentation
texte,Présentation
texte,DépartementsEITMMALC
texte,Départements
texte,EITMMALC
texte,EIT
texte,EIT
texte,MMA
texte,MMA
texte,LC
texte,LC
texte,ServicesDirectionDirection AdjointeSecrétariat géneralRessources humainesAffaires économiquesAffaires estudiantinesCoopération et communicationService informatiqueBibliothèqueLabosDépartementPatrimoine
texte,Services
texte,DirectionDirection AdjointeSecrétariat géneralRessources humainesAffaires économiquesAffaires estudiantinesCoopération et communicationService informatiqueBibliothèqueLabosDépartementPatrimoine
texte,Direction
texte,Direction
texte,Direction Adjointe
texte,Direction Adjointe
texte,Secrétariat géneral
texte,Secrétariat géneral
texte,Ressources humaines
texte,Ressources humaines
texte,Affaires économiques
texte,Affaires économiques
texte,Affaires estudiantines
texte,Affaires estudiantines
texte,Coopération et communication
texte,Coopération et communication
texte,Service informatique
texte,Service informatique
texte,Bibliothèque
texte,Bibliothèque
texte,Labos
texte,Labos
texte,Département
texte,Département
texte,Patrimoine
texte,Patrimoine
texte,"FormationsFiliéres de FormationCycle Préparatoire - Sciences et Techniques pour l'ingénieurCycle Ingénieur - Ingénierie Data Sciences et Cloud ComputingCycle Ingénieur - Ingénierie des Technologies de l'information et Réseaux de CommunicationCycle Ingénieur - Sécurité Informatique et Cyber SécuritéCycle Ingénieur - Génie CivilCycle Ingénieur - Génie ElectriqueCycle Ingénieur - Génie IndustrielCycle Ingénieur - Génie InformatiqueCycle Ingénieur - Génie des Systèmes Electronique, Informatique et RéseauxCycle Ingénieur - Management et Gouvernance des Systèmes d'informationsFormation continue"
texte,Formations
texte,"Filiéres de FormationCycle Préparatoire - Sciences et Techniques pour l'ingénieurCycle Ingénieur - Ingénierie Data Sciences et Cloud ComputingCycle Ingénieur - Ingénierie des Technologies de l'information et Réseaux de CommunicationCycle Ingénieur - Sécurité Informatique et Cyber SécuritéCycle Ingénieur - Génie CivilCycle Ingénieur - Génie ElectriqueCycle Ingénieur - Génie IndustrielCycle Ingénieur - Génie InformatiqueCycle Ingénieur - Génie des Systèmes Electronique, Informatique et RéseauxCycle Ingénieur - Management et Gouvernance des Systèmes d'informationsFormation continue"
texte,"Filiéres de FormationCycle Préparatoire - Sciences et Techniques pour l'ingénieurCycle Ingénieur - Ingénierie Data Sciences et Cloud ComputingCycle Ingénieur - Ingénierie des Technologies de l'information et Réseaux de CommunicationCycle Ingénieur - Sécurité Informatique et Cyber SécuritéCycle Ingénieur - Génie CivilCycle Ingénieur - Génie ElectriqueCycle Ingénieur - Génie IndustrielCycle Ingénieur - Génie InformatiqueCycle Ingénieur - Génie des Systèmes Electronique, Informatique et RéseauxCycle Ingénieur - Management et Gouvernance des Systèmes d'informations"
texte,Filiéres de Formation
texte,"Cycle Préparatoire - Sciences et Techniques pour l'ingénieurCycle Ingénieur - Ingénierie Data Sciences et Cloud ComputingCycle Ingénieur - Ingénierie des Technologies de l'information et Réseaux de CommunicationCycle Ingénieur - Sécurité Informatique et Cyber SécuritéCycle Ingénieur - Génie CivilCycle Ingénieur - Génie ElectriqueCycle Ingénieur - Génie IndustrielCycle Ingénieur - Génie InformatiqueCycle Ingénieur - Génie des Systèmes Electronique, Informatique et RéseauxCycle Ingénieur - Management et Gouvernance des Systèmes d'informations"
texte,Cycle Préparatoire - Sciences et Techniques pour l'ingénieur
texte,Cycle Préparatoire - Sciences et Techniques pour l'ingénieur
texte,Cycle Ingénieur - Ingénierie Data Sciences et Cloud Computing
texte,Cycle Ingénieur - Ingénierie Data Sciences et Cloud Computing
texte,Cycle Ingénieur - Ingénierie des Technologies de l'information et Réseaux de Communication
texte,Cycle Ingénieur - Ingénierie des Technologies de l'information et Réseaux de Communication
texte,Cycle Ingénieur - Sécurité Informatique et Cyber Sécurité
texte,Cycle Ingénieur - Sécurité Informatique et Cyber Sécurité
texte,Cycle Ingénieur - Génie Civil
texte,Cycle Ingénieur - Génie Civil
texte,Cycle Ingénieur - Génie Electrique
texte,Cycle Ingénieur - Génie Electrique
texte,Cycle Ingénieur - Génie Industriel
texte,Cycle Ingénieur - Génie Industriel
texte,Cycle Ingénieur - Génie Informatique
texte,Cycle Ingénieur - Génie Informatique
texte,"Cycle Ingénieur - Génie des Systèmes Electronique, Informatique et Réseaux"
texte,"Cycle Ingénieur - Génie des Systèmes Electronique, Informatique et Réseaux"
texte,Cycle Ingénieur - Management et Gouvernance des Systèmes d'informations
texte,Cycle Ingénieur - Management et Gouvernance des Systèmes d'informations
texte,Formation continue
texte,Formation continue
texte,RecherchePôles RechercheCentres d’études doctoralesLaboratoires et équipes de rechercheCentres d’études de recherche
texte,Recherche
texte,Pôles RechercheCentres d’études doctoralesLaboratoires et équipes de rechercheCentres d’études de recherche
texte,Pôles Recherche
texte,Pôles Recherche
texte,Centres d’études doctorales
texte,Centres d’études doctorales
texte,Laboratoires et équipes de recherche
texte,Laboratoires et équipes de recherche
texte,Centres d’études de recherche
texte,Centres d’études de recherche
texte,CoopérationCoopération nationale
texte,Coopération
texte,Coopération nationale
texte,Coopération nationale
texte,Coopération nationale
texte,GouvernanceConseil d'établissementOutils de GestionAPOGEEVTAdministrationAppels d'offresTextes & Lois
texte,Gouvernance
texte,Conseil d'établissementOutils de GestionAPOGEEVTAdministrationAppels d'offresTextes & Lois
texte,Conseil d'établissement
texte,Conseil d'établissement
texte,Outils de GestionAPOGEEVT
texte,Outils de Gestion
texte,APOGEEVT
texte,APOGEE
texte,APOGEE
texte,VT
texte,VT
texte,AdministrationAppels d'offresTextes & Lois
texte,Administration
texte,Appels d'offresTextes & Lois
texte,Appels d'offres
texte,Appels d'offres
texte,Textes & Lois
texte,Textes & Lois
texte,"Vie EstudiantineCentre d'Information, d'Orientation et de la Vie Estudiantine (CIOVE)Assurance Maladie ObligatoireScolaritéStageAssociation BDE"
texte,Vie Estudiantine
texte,"Centre d'Information, d'Orientation et de la Vie Estudiantine (CIOVE)Assurance Maladie ObligatoireScolaritéStageAssociation BDE"
texte,"Centre d'Information, d'Orientation et de la Vie Estudiantine (CIOVE)"
texte,"Centre d'Information, d'Orientation et de la Vie Estudiantine (CIOVE)"
texte,Assurance Maladie Obligatoire
texte,Assurance Maladie Obligatoire
texte,Scolarité
texte,Scolarité
texte,Stage
texte,Stage
texte,Association BDE
texte,Association BDE
texte,ProductionsRevues
texte,Productions
texte,Revues
texte,Revues
texte,Revues
texte,FrArEnEsAmz
texte,Fr
texte,ArEnEsAmz
texte,Ar
texte,Ar
texte,En
texte,En
texte,Es
texte,Es
texte,Amz
texte,Amz
texte,"Planning des Devoirs Surveillés, Mi - Semestre 2 2024 - 2025Avis de recrutementStage PFEAvis aux étudiantsCycle de ConférencesPreviousNext"
texte,"Planning des Devoirs Surveillés, Mi - Semestre 2 2024 - 2025Avis de recrutementStage PFEAvis aux étudiantsCycle de ConférencesPreviousNext"
texte,"Planning des Devoirs Surveillés, Mi - Semestre 2 2024 - 2025Avis de recrutementStage PFEAvis aux étudiantsCycle de ConférencesPreviousNext"
texte,"Planning des Devoirs Surveillés, Mi - Semestre 2 2024 - 2025Avis de recrutementStage PFEAvis aux étudiantsCycle de Conférences"
texte,"Planning des Devoirs Surveillés, Mi - Semestre 2 2024 - 2025"
texte,"Planning des Devoirs Surveillés, Mi - Semestre 2 2024 - 2025"
texte,"Planning des Devoirs Surveillés, Mi - Semestre 2 2024 - 2025"
texte,"Planning des Devoirs Surveillés, Mi - Semestre 2 2024 - 2025"
texte,"Planning des Devoirs Surveillés, Mi - Semestre 2 2024 - 2025"
texte,Avis de recrutement
texte,Avis de recrutement
texte,Avis de recrutement
texte,Avis de recrutement
texte,Avis de recrutement
texte,Stage PFE
texte,Stage PFE
texte,Stage PFE
texte,Stage PFE
texte,Stage PFE
texte,Avis aux étudiants
texte,Avis aux étudiants
texte,Avis aux étudiants
texte,Avis aux étudiants
texte,Avis aux étudiants
texte,Cycle de Conférences
texte,Cycle de Conférences
texte,Cycle de Conférences
texte,Cycle de Conférences
texte,Cycle de Conférences
texte,Previous
texte,Previous
texte,Next
texte,Next
texte,Lire la suite
texte,Lire la suite
texte,Lire la suite
texte,Lire la suite
texte,Lire la suite
texte,Lire la suite
texte,Lire la suite
texte,Lire la suite
texte,"ActualitésPlanning des Devoirs Surve...Avis de recrutementStage PFEPlus d'infosNotesCalendrier de vacances un...Calendriers Académiques 2...Calendriers Académiques 2024 - 2025



                    &nbsp...AVIS AUX ETUDIANTS  Objet...Avis AUX ETUDIANTS 

 

 

Afin de bénéficier des avantages de la couverture médicale obliga...PreviousNextPlus de notesFormationsCycle Préparatoire - Sciences et Techniques pour l'ingénieurCycle Ingénieur - Ingénierie Data Sciences et Cloud ComputingCycle Ingénieur - Ingénierie des Technologies de l'information et Réseaux de CommunicationCycle Ingénieur - Sécurité Informatique et Cyber SécuritéCycle Ingénieur - Génie CivilCycle Ingénieur - Génie ElectriqueCycle Ingénieur - Génie IndustrielCycle Ingénieur - Génie InformatiqueCycle Ingénieur - Génie des Systèmes Electronique, Informatique et RéseauxCycle Ingénieur - Management et Gouvernance des Systèmes d'informationsPlus de formations"
texte,"ActualitésPlanning des Devoirs Surve...Avis de recrutementStage PFEPlus d'infosNotesCalendrier de vacances un...Calendriers Académiques 2...Calendriers Académiques 2024 - 2025



                    &nbsp...AVIS AUX ETUDIANTS  Objet...Avis AUX ETUDIANTS 

 

 

Afin de bénéficier des avantages de la couverture médicale obliga...PreviousNextPlus de notesFormationsCycle Préparatoire - Sciences et Techniques pour l'ingénieurCycle Ingénieur - Ingénierie Data Sciences et Cloud ComputingCycle Ingénieur - Ingénierie des Technologies de l'information et Réseaux de CommunicationCycle Ingénieur - Sécurité Informatique et Cyber SécuritéCycle Ingénieur - Génie CivilCycle Ingénieur - Génie ElectriqueCycle Ingénieur - Génie IndustrielCycle Ingénieur - Génie InformatiqueCycle Ingénieur - Génie des Systèmes Electronique, Informatique et RéseauxCycle Ingénieur - Management et Gouvernance des Systèmes d'informationsPlus de formations"
texte,ActualitésPlanning des Devoirs Surve...Avis de recrutementStage PFEPlus d'infos
texte,Actualités
texte,Planning des Devoirs Surve...Avis de recrutementStage PFE
texte,Planning des Devoirs Surve...
texte,Planning des Devoirs Surve...
texte,Planning des Devoirs Surve...
texte,Planning des Devoirs Surve...
texte,Avis de recrutement
texte,Avis de recrutement
texte,Avis de recrutement
texte,Avis de recrutement
texte,Stage PFE
texte,Stage PFE
texte,Stage PFE
texte,Stage PFE
texte,Plus d'infos
texte,Plus d'infos
texte,"NotesCalendrier de vacances un...Calendriers Académiques 2...Calendriers Académiques 2024 - 2025



                    &nbsp...AVIS AUX ETUDIANTS  Objet...Avis AUX ETUDIANTS 

 

 

Afin de bénéficier des avantages de la couverture médicale obliga...PreviousNextPlus de notes"
texte,Notes
texte,"Calendrier de vacances un...Calendriers Académiques 2...Calendriers Académiques 2024 - 2025



                    &nbsp...AVIS AUX ETUDIANTS  Objet...Avis AUX ETUDIANTS 

 

 

Afin de bénéficier des avantages de la couverture médicale obliga...PreviousNext"
texte,"Calendrier de vacances un...Calendriers Académiques 2...Calendriers Académiques 2024 - 2025



                    &nbsp...AVIS AUX ETUDIANTS  Objet...Avis AUX ETUDIANTS 

 

 

Afin de bénéficier des avantages de la couverture médicale obliga...PreviousNext"
texte,"Calendrier de vacances un...Calendriers Académiques 2...Calendriers Académiques 2024 - 2025



                    &nbsp...AVIS AUX ETUDIANTS  Objet...Avis AUX ETUDIANTS 

 

 

Afin de bénéficier des avantages de la couverture médicale obliga..."
texte,Calendrier de vacances un...
texte,Calendrier de vacances un...
texte,Calendrier de vacances un...
texte,Calendrier de vacances un...
texte,Calendrier de vacances un...
texte,"Calendriers Académiques 2...Calendriers Académiques 2024 - 2025



                    &nbsp..."
texte,"Calendriers Académiques 2...Calendriers Académiques 2024 - 2025



                    &nbsp..."
texte,"Calendriers Académiques 2...Calendriers Académiques 2024 - 2025



                    &nbsp..."
texte,"Calendriers Académiques 2...Calendriers Académiques 2024 - 2025



                    &nbsp..."
texte,Calendriers Académiques 2...
texte,"Calendriers Académiques 2024 - 2025



                    &nbsp..."
texte,"Calendriers Académiques 2024 - 2025



                    &nbsp..."
texte,"AVIS AUX ETUDIANTS  Objet...Avis AUX ETUDIANTS 

 

 

Afin de bénéficier des avantages de la couverture médicale obliga..."
texte,"AVIS AUX ETUDIANTS  Objet...Avis AUX ETUDIANTS 

 

 

Afin de bénéficier des avantages de la couverture médicale obliga..."
texte,"AVIS AUX ETUDIANTS  Objet...Avis AUX ETUDIANTS 

 

 

Afin de bénéficier des avantages de la couverture médicale obliga..."
texte,"AVIS AUX ETUDIANTS  Objet...Avis AUX ETUDIANTS 

 

 

Afin de bénéficier des avantages de la couverture médicale obliga..."
texte,AVIS AUX ETUDIANTS  Objet...
texte,"Avis AUX ETUDIANTS 

 

 

Afin de bénéficier des avantages de la couverture médicale obliga..."
texte,"Avis AUX ETUDIANTS 

 

 

Afin de bénéficier des avantages de la couverture médicale obliga..."
texte,PreviousNext
texte,Previous
texte,Previous
texte,Next
texte,Next
texte,Plus de notes
texte,"FormationsCycle Préparatoire - Sciences et Techniques pour l'ingénieurCycle Ingénieur - Ingénierie Data Sciences et Cloud ComputingCycle Ingénieur - Ingénierie des Technologies de l'information et Réseaux de CommunicationCycle Ingénieur - Sécurité Informatique et Cyber SécuritéCycle Ingénieur - Génie CivilCycle Ingénieur - Génie ElectriqueCycle Ingénieur - Génie IndustrielCycle Ingénieur - Génie InformatiqueCycle Ingénieur - Génie des Systèmes Electronique, Informatique et RéseauxCycle Ingénieur - Management et Gouvernance des Systèmes d'informationsPlus de formations"
texte,Formations
texte,"Cycle Préparatoire - Sciences et Techniques pour l'ingénieurCycle Ingénieur - Ingénierie Data Sciences et Cloud ComputingCycle Ingénieur - Ingénierie des Technologies de l'information et Réseaux de CommunicationCycle Ingénieur - Sécurité Informatique et Cyber SécuritéCycle Ingénieur - Génie CivilCycle Ingénieur - Génie ElectriqueCycle Ingénieur - Génie IndustrielCycle Ingénieur - Génie InformatiqueCycle Ingénieur - Génie des Systèmes Electronique, Informatique et RéseauxCycle Ingénieur - Management et Gouvernance des Systèmes d'informationsPlus de formations"
texte,Cycle Préparatoire - Sciences et Techniques pour l'ingénieur
texte,Cycle Préparatoire - Sciences et Techniques pour l'ingénieur
texte,Cycle Préparatoire - Sciences et Techniques pour l'ingénieur
texte,Cycle Ingénieur - Ingénierie Data Sciences et Cloud Computing
texte,Cycle Ingénieur - Ingénierie Data Sciences et Cloud Computing
texte,Cycle Ingénieur - Ingénierie Data Sciences et Cloud Computing
texte,Cycle Ingénieur - Ingénierie des Technologies de l'information et Réseaux de Communication
texte,Cycle Ingénieur - Ingénierie des Technologies de l'information et Réseaux de Communication
texte,Cycle Ingénieur - Ingénierie des Technologies de l'information et Réseaux de Communication
texte,Cycle Ingénieur - Sécurité Informatique et Cyber Sécurité
texte,Cycle Ingénieur - Sécurité Informatique et Cyber Sécurité
texte,Cycle Ingénieur - Sécurité Informatique et Cyber Sécurité
texte,Cycle Ingénieur - Génie Civil
texte,Cycle Ingénieur - Génie Civil
texte,Cycle Ingénieur - Génie Civil
texte,Cycle Ingénieur - Génie Electrique
texte,Cycle Ingénieur - Génie Electrique
texte,Cycle Ingénieur - Génie Electrique
texte,Cycle Ingénieur - Génie Industriel
texte,Cycle Ingénieur - Génie Industriel
texte,Cycle Ingénieur - Génie Industriel
texte,Cycle Ingénieur - Génie Informatique
texte,Cycle Ingénieur - Génie Informatique
texte,Cycle Ingénieur - Génie Informatique
texte,"Cycle Ingénieur - Génie des Systèmes Electronique, Informatique et Réseaux"
texte,"Cycle Ingénieur - Génie des Systèmes Electronique, Informatique et Réseaux"
texte,"Cycle Ingénieur - Génie des Systèmes Electronique, Informatique et Réseaux"
texte,Cycle Ingénieur - Management et Gouvernance des Systèmes d'informations
texte,Cycle Ingénieur - Management et Gouvernance des Systèmes d'informations
texte,Cycle Ingénieur - Management et Gouvernance des Systèmes d'informations
texte,Plus de formations
texte,Plus de formations
texte,Plus de formations
texte,"EvénementsPassé18AVLLA 1 ÈRE CONFÉRENCE INTERNATIONALE SUR LA MÉDECINE INTELLIGENTE, L'IOT...Passé13AVLICEERE’20  2nd International Conference on Electronic Engineering and...ICEERE’20

 

2nd International Conference on Electronic Engineering and Renewable Energy 

Springer  & Elsevier Conf...Passé4OCTورشة عمل حول الابتكار التعاوني بين الجامعات و شركات التكنولوجيا لتطوير...تنظم جامعة محمد الأول يوم الجمعة 04 أكتوبر 2019 بقاعة المحاضرات بالمدرسة الوطنية للعلوم التطبيقية بوجدة على الساعة التاسعة صباحا ورشة سيقام فيها عرض مشار...Passé26SEPConference on Smart Information & Communication TechnologiesCONFERENCE ON SMART INFORMATION & COMMUNICATION TECHNOLOGIES 2019, SmartICT'19

September 26-28, 2019 

Be Live Collection Hotel, Saïdia...Passé12JUNCOLLOQUE INTERNATIONAL TELECOM’2019 & 11èmes JFMMAAppel à communications

COLLOQUE INTERNATIONAL TELECOM’2019 & 11èmes JFMMA
Hôtel Be Live Collection Saïdia
12 -14...Passé19DECFirst School on Game Theory and Applications for Big Data, Cloud Compu...L'ENSAO et l'ADRFNT organisent l'école : ""First School on Game Theory and Applications for Big Data, Cloud Computing and Cybern...Plus d'événementsProductionsDernier événementRevues et publications"
texte,"EvénementsPassé18AVLLA 1 ÈRE CONFÉRENCE INTERNATIONALE SUR LA MÉDECINE INTELLIGENTE, L'IOT...Passé13AVLICEERE’20  2nd International Conference on Electronic Engineering and...ICEERE’20

 

2nd International Conference on Electronic Engineering and Renewable Energy 

Springer  & Elsevier Conf...Passé4OCTورشة عمل حول الابتكار التعاوني بين الجامعات و شركات التكنولوجيا لتطوير...تنظم جامعة محمد الأول يوم الجمعة 04 أكتوبر 2019 بقاعة المحاضرات بالمدرسة الوطنية للعلوم التطبيقية بوجدة على الساعة التاسعة صباحا ورشة سيقام فيها عرض مشار...Passé26SEPConference on Smart Information & Communication TechnologiesCONFERENCE ON SMART INFORMATION & COMMUNICATION TECHNOLOGIES 2019, SmartICT'19

September 26-28, 2019 

Be Live Collection Hotel, Saïdia...Passé12JUNCOLLOQUE INTERNATIONAL TELECOM’2019 & 11èmes JFMMAAppel à communications

COLLOQUE INTERNATIONAL TELECOM’2019 & 11èmes JFMMA
Hôtel Be Live Collection Saïdia
12 -14...Passé19DECFirst School on Game Theory and Applications for Big Data, Cloud Compu...L'ENSAO et l'ADRFNT organisent l'école : ""First School on Game Theory and Applications for Big Data, Cloud Computing and Cybern...Plus d'événementsProductionsDernier événementRevues et publications"
texte,"EvénementsPassé18AVLLA 1 ÈRE CONFÉRENCE INTERNATIONALE SUR LA MÉDECINE INTELLIGENTE, L'IOT...Passé13AVLICEERE’20  2nd International Conference on Electronic Engineering and...ICEERE’20

 

2nd International Conference on Electronic Engineering and Renewable Energy 

Springer  & Elsevier Conf...Passé4OCTورشة عمل حول الابتكار التعاوني بين الجامعات و شركات التكنولوجيا لتطوير...تنظم جامعة محمد الأول يوم الجمعة 04 أكتوبر 2019 بقاعة المحاضرات بالمدرسة الوطنية للعلوم التطبيقية بوجدة على الساعة التاسعة صباحا ورشة سيقام فيها عرض مشار...Passé26SEPConference on Smart Information & Communication TechnologiesCONFERENCE ON SMART INFORMATION & COMMUNICATION TECHNOLOGIES 2019, SmartICT'19

September 26-28, 2019 

Be Live Collection Hotel, Saïdia...Passé12JUNCOLLOQUE INTERNATIONAL TELECOM’2019 & 11èmes JFMMAAppel à communications

COLLOQUE INTERNATIONAL TELECOM’2019 & 11èmes JFMMA
Hôtel Be Live Collection Saïdia
12 -14...Passé19DECFirst School on Game Theory and Applications for Big Data, Cloud Compu...L'ENSAO et l'ADRFNT organisent l'école : ""First School on Game Theory and Applications for Big Data, Cloud Computing and Cybern...Plus d'événements"
texte,Evénements
texte,"Passé18AVLLA 1 ÈRE CONFÉRENCE INTERNATIONALE SUR LA MÉDECINE INTELLIGENTE, L'IOT...Passé13AVLICEERE’20  2nd International Conference on Electronic Engineering and...ICEERE’20

 

2nd International Conference on Electronic Engineering and Renewable Energy 

Springer  & Elsevier Conf...Passé4OCTورشة عمل حول الابتكار التعاوني بين الجامعات و شركات التكنولوجيا لتطوير...تنظم جامعة محمد الأول يوم الجمعة 04 أكتوبر 2019 بقاعة المحاضرات بالمدرسة الوطنية للعلوم التطبيقية بوجدة على الساعة التاسعة صباحا ورشة سيقام فيها عرض مشار...Passé26SEPConference on Smart Information & Communication TechnologiesCONFERENCE ON SMART INFORMATION & COMMUNICATION TECHNOLOGIES 2019, SmartICT'19

September 26-28, 2019 

Be Live Collection Hotel, Saïdia...Passé12JUNCOLLOQUE INTERNATIONAL TELECOM’2019 & 11èmes JFMMAAppel à communications

COLLOQUE INTERNATIONAL TELECOM’2019 & 11èmes JFMMA
Hôtel Be Live Collection Saïdia
12 -14...Passé19DECFirst School on Game Theory and Applications for Big Data, Cloud Compu...L'ENSAO et l'ADRFNT organisent l'école : ""First School on Game Theory and Applications for Big Data, Cloud Computing and Cybern..."
texte,"Passé18AVLLA 1 ÈRE CONFÉRENCE INTERNATIONALE SUR LA MÉDECINE INTELLIGENTE, L'IOT...Passé13AVLICEERE’20  2nd International Conference on Electronic Engineering and...ICEERE’20

 

2nd International Conference on Electronic Engineering and Renewable Energy 

Springer  & Elsevier Conf...Passé4OCTورشة عمل حول الابتكار التعاوني بين الجامعات و شركات التكنولوجيا لتطوير...تنظم جامعة محمد الأول يوم الجمعة 04 أكتوبر 2019 بقاعة المحاضرات بالمدرسة الوطنية للعلوم التطبيقية بوجدة على الساعة التاسعة صباحا ورشة سيقام فيها عرض مشار...Passé26SEPConference on Smart Information & Communication TechnologiesCONFERENCE ON SMART INFORMATION & COMMUNICATION TECHNOLOGIES 2019, SmartICT'19

September 26-28, 2019 

Be Live Collection Hotel, Saïdia...Passé12JUNCOLLOQUE INTERNATIONAL TELECOM’2019 & 11èmes JFMMAAppel à communications

COLLOQUE INTERNATIONAL TELECOM’2019 & 11èmes JFMMA
Hôtel Be Live Collection Saïdia
12 -14...Passé19DECFirst School on Game Theory and Applications for Big Data, Cloud Compu...L'ENSAO et l'ADRFNT organisent l'école : ""First School on Game Theory and Applications for Big Data, Cloud Computing and Cybern..."
texte,"Passé18AVLLA 1 ÈRE CONFÉRENCE INTERNATIONALE SUR LA MÉDECINE INTELLIGENTE, L'IOT...Passé13AVLICEERE’20  2nd International Conference on Electronic Engineering and...ICEERE’20

 

2nd International Conference on Electronic Engineering and Renewable Energy 

Springer  & Elsevier Conf...Passé4OCTورشة عمل حول الابتكار التعاوني بين الجامعات و شركات التكنولوجيا لتطوير...تنظم جامعة محمد الأول يوم الجمعة 04 أكتوبر 2019 بقاعة المحاضرات بالمدرسة الوطنية للعلوم التطبيقية بوجدة على الساعة التاسعة صباحا ورشة سيقام فيها عرض مشار...Passé26SEPConference on Smart Information & Communication TechnologiesCONFERENCE ON SMART INFORMATION & COMMUNICATION TECHNOLOGIES 2019, SmartICT'19

September 26-28, 2019 

Be Live Collection Hotel, Saïdia...Passé12JUNCOLLOQUE INTERNATIONAL TELECOM’2019 & 11èmes JFMMAAppel à communications

COLLOQUE INTERNATIONAL TELECOM’2019 & 11èmes JFMMA
Hôtel Be Live Collection Saïdia
12 -14...Passé19DECFirst School on Game Theory and Applications for Big Data, Cloud Compu...L'ENSAO et l'ADRFNT organisent l'école : ""First School on Game Theory and Applications for Big Data, Cloud Computing and Cybern..."
texte,"Passé18AVLLA 1 ÈRE CONFÉRENCE INTERNATIONALE SUR LA MÉDECINE INTELLIGENTE, L'IOT..."
texte,Passé
texte,Passé
texte,"18AVLLA 1 ÈRE CONFÉRENCE INTERNATIONALE SUR LA MÉDECINE INTELLIGENTE, L'IOT..."
texte,18AVL
texte,18
texte,"LA 1 ÈRE CONFÉRENCE INTERNATIONALE SUR LA MÉDECINE INTELLIGENTE, L'IOT..."
texte,"LA 1 ÈRE CONFÉRENCE INTERNATIONALE SUR LA MÉDECINE INTELLIGENTE, L'IOT..."
texte,"Passé13AVLICEERE’20  2nd International Conference on Electronic Engineering and...ICEERE’20

 

2nd International Conference on Electronic Engineering and Renewable Energy 

Springer  & Elsevier Conf..."
texte,Passé
texte,Passé
texte,"13AVLICEERE’20  2nd International Conference on Electronic Engineering and...ICEERE’20

 

2nd International Conference on Electronic Engineering and Renewable Energy 

Springer  & Elsevier Conf..."
texte,13AVL
texte,13
texte,"ICEERE’20  2nd International Conference on Electronic Engineering and...ICEERE’20

 

2nd International Conference on Electronic Engineering and Renewable Energy 

Springer  & Elsevier Conf..."
texte,ICEERE’20  2nd International Conference on Electronic Engineering and...
texte,"ICEERE’20

 

2nd International Conference on Electronic Engineering and Renewable Energy 

Springer  & Elsevier Conf..."
texte,"ICEERE’20

 

2nd International Conference on Electronic Engineering and Renewable Energy 

Springer  & Elsevier Conf..."
texte,Passé4OCTورشة عمل حول الابتكار التعاوني بين الجامعات و شركات التكنولوجيا لتطوير...تنظم جامعة محمد الأول يوم الجمعة 04 أكتوبر 2019 بقاعة المحاضرات بالمدرسة الوطنية للعلوم التطبيقية بوجدة على الساعة التاسعة صباحا ورشة سيقام فيها عرض مشار...
texte,Passé
texte,Passé
texte,4OCTورشة عمل حول الابتكار التعاوني بين الجامعات و شركات التكنولوجيا لتطوير...تنظم جامعة محمد الأول يوم الجمعة 04 أكتوبر 2019 بقاعة المحاضرات بالمدرسة الوطنية للعلوم التطبيقية بوجدة على الساعة التاسعة صباحا ورشة سيقام فيها عرض مشار...
texte,4OCT
texte,4
texte,ورشة عمل حول الابتكار التعاوني بين الجامعات و شركات التكنولوجيا لتطوير...تنظم جامعة محمد الأول يوم الجمعة 04 أكتوبر 2019 بقاعة المحاضرات بالمدرسة الوطنية للعلوم التطبيقية بوجدة على الساعة التاسعة صباحا ورشة سيقام فيها عرض مشار...
texte,ورشة عمل حول الابتكار التعاوني بين الجامعات و شركات التكنولوجيا لتطوير...
texte,تنظم جامعة محمد الأول يوم الجمعة 04 أكتوبر 2019 بقاعة المحاضرات بالمدرسة الوطنية للعلوم التطبيقية بوجدة على الساعة التاسعة صباحا ورشة سيقام فيها عرض مشار...
texte,تنظم جامعة محمد الأول يوم الجمعة 04 أكتوبر 2019 بقاعة المحاضرات بالمدرسة الوطنية للعلوم التطبيقية بوجدة على الساعة التاسعة صباحا ورشة سيقام فيها عرض مشار...
texte,"Passé26SEPConference on Smart Information & Communication TechnologiesCONFERENCE ON SMART INFORMATION & COMMUNICATION TECHNOLOGIES 2019, SmartICT'19

September 26-28, 2019 

Be Live Collection Hotel, Saïdia..."
texte,Passé
texte,Passé
texte,"26SEPConference on Smart Information & Communication TechnologiesCONFERENCE ON SMART INFORMATION & COMMUNICATION TECHNOLOGIES 2019, SmartICT'19

September 26-28, 2019 

Be Live Collection Hotel, Saïdia..."
texte,26SEP
texte,26
texte,"Conference on Smart Information & Communication TechnologiesCONFERENCE ON SMART INFORMATION & COMMUNICATION TECHNOLOGIES 2019, SmartICT'19

September 26-28, 2019 

Be Live Collection Hotel, Saïdia..."
texte,Conference on Smart Information & Communication Technologies
texte,"CONFERENCE ON SMART INFORMATION & COMMUNICATION TECHNOLOGIES 2019, SmartICT'19

September 26-28, 2019 

Be Live Collection Hotel, Saïdia..."
texte,"CONFERENCE ON SMART INFORMATION & COMMUNICATION TECHNOLOGIES 2019, SmartICT'19

September 26-28, 2019 

Be Live Collection Hotel, Saïdia..."
texte,"Passé12JUNCOLLOQUE INTERNATIONAL TELECOM’2019 & 11èmes JFMMAAppel à communications

COLLOQUE INTERNATIONAL TELECOM’2019 & 11èmes JFMMA
Hôtel Be Live Collection Saïdia
12 -14..."
texte,Passé
texte,Passé
texte,"12JUNCOLLOQUE INTERNATIONAL TELECOM’2019 & 11èmes JFMMAAppel à communications

COLLOQUE INTERNATIONAL TELECOM’2019 & 11èmes JFMMA
Hôtel Be Live Collection Saïdia
12 -14..."
texte,12JUN
texte,12
texte,"COLLOQUE INTERNATIONAL TELECOM’2019 & 11èmes JFMMAAppel à communications

COLLOQUE INTERNATIONAL TELECOM’2019 & 11èmes JFMMA
Hôtel Be Live Collection Saïdia
12 -14..."
texte,COLLOQUE INTERNATIONAL TELECOM’2019 & 11èmes JFMMA
texte,"Appel à communications

COLLOQUE INTERNATIONAL TELECOM’2019 & 11èmes JFMMA
Hôtel Be Live Collection Saïdia
12 -14..."
texte,"Appel à communications

COLLOQUE INTERNATIONAL TELECOM’2019 & 11èmes JFMMA
Hôtel Be Live Collection Saïdia
12 -14..."
texte,"Passé19DECFirst School on Game Theory and Applications for Big Data, Cloud Compu...L'ENSAO et l'ADRFNT organisent l'école : ""First School on Game Theory and Applications for Big Data, Cloud Computing and Cybern..."
texte,Passé
texte,Passé
texte,"19DECFirst School on Game Theory and Applications for Big Data, Cloud Compu...L'ENSAO et l'ADRFNT organisent l'école : ""First School on Game Theory and Applications for Big Data, Cloud Computing and Cybern..."
texte,19DEC
texte,19
texte,"First School on Game Theory and Applications for Big Data, Cloud Compu...L'ENSAO et l'ADRFNT organisent l'école : ""First School on Game Theory and Applications for Big Data, Cloud Computing and Cybern..."
texte,"First School on Game Theory and Applications for Big Data, Cloud Compu..."
texte,"L'ENSAO et l'ADRFNT organisent l'école : ""First School on Game Theory and Applications for Big Data, Cloud Computing and Cybern..."
texte,"L'ENSAO et l'ADRFNT organisent l'école : ""First School on Game Theory and Applications for Big Data, Cloud Computing and Cybern..."
texte,Plus d'événements
texte,Plus d'événements
texte,ProductionsDernier événementRevues et publications
texte,Productions
texte,Dernier événement
texte,Revues et publications
texte,Gallerie
texte,Gallerie
texte,Gallerie
texte,‹›×
texte,‹
texte,›
texte,×
texte,Tous droits réservésump.ma- © 2025
texte,Tous droits réservésump.ma- © 2025
texte,Tous droits réservésump.ma- © 2025
texte,Tous droits réservésump.ma- © 2025
texte,Tous droits réservésump.ma- © 2025
texte,Tous droits réservésump.ma- © 2025
texte,ump.ma
texte,"(function(i,s,o,g,r,a,m){i['GoogleAnalyticsObject']=r;i[r]=i[r]||function(){
        (i[r].q=i[r].q||[]).push(arguments)},i[r].l=1*new Date();a=s.createElement(o),
        m=s.getElementsByTagName(o)[0];a.async=1;a.src=g;m.parentNode.insertBefore(a,m)
    })(window,document,'script','https://www.google-analytics.com/analytics.js','ga');

    ga('create', 'UA-99364890-1', 'auto');
    ga('send', 'pageview');"
texte,"$('#notesCarousel').carousel({
            interval:   4000
        });
        document.getElementById('links').onclick = function (event) {
            event = event || window.event;
            var target = event.target || event.srcElement,
                link = target.src ? target.parentNode : target,
                onslide = function (index, slide) {
                    var text = this.list[index].getAttribute('data-description'),
                        node = this.container.find('.description');
                    node.empty();
                    if (text) {
                        node[0].appendChild(document.createTextNode(text));
                    }
                },
                options = {index: link, event: event, onslide: onslide},
                links = this.getElementsByTagName('a');
            blueimp.Gallery(links, options);
        };"
image,http://ensao.ump.ma/assets/logo.svg
image,http://ensao.ump.ma/assets/title.svg
image,http://ensao.ump.ma/uploads/images/2/5abdf4fcb1db4.jpg
image,"
                    http://ensao.ump.ma/uploads/images/1/Gallery/65eef16c15e84.png
                            "
image,"
                    http://ensao.ump.ma/uploads/images/1/Gallery/65eef16c15e84.png
                            "
image,"
                    http://ensao.ump.ma/uploads/images/1/Gallery/65eef16c15e84.png
                            "
image,"
                                                                                                              http://ensao.ump.ma/uploads/images/1/Gallery/661e5b9bbedaf.png
                                              "
image,"
                                                                                                              http://ensao.ump.ma/uploads/images/1/Gallery/658d908480a81.png
                                              "
image,"
                                                                                                              http://ensao.ump.ma/uploads/images/1/Gallery/5c6a740c669d7.jpg
                                              "
image,http://ensao.ump.ma/uploads/images/1/Gallery/65f0c16b0c834.png
image,http://ensao.ump.ma/uploads/images/1/Gallery/5b437307c7bf1.JPG
image,http://ensao.ump.ma/uploads/images/1/Gallery/5b446d3d14026.JPG
image,http://ensao.ump.ma/uploads/images/1/Gallery/5b3b596a66296.JPG
image,http://ensao.ump.ma/uploads/images/1/Gallery/5b446d2249aa0.JPG
image,http://ensao.ump.ma/uploads/images/1/Gallery/5b56eae213156.JPG
image,http://ensao.ump.ma/uploads/images/1/Gallery/5b446d01e2e16.JPG
image,http://ensao.ump.ma/uploads/images/1/Gallery/5b446ce34c75c.JPG
image,http://ensao.ump.ma/uploads/images/1/Gallery/5c6a85a39cd1e.jpg
